0.000000000000000000e+00;0.000000000000000000e+00;0.000000000000000000e+00;2.766000000000000014e+00;7.500000000000000000e+00;2.266000000000000014e+00
2.000000000000000042e-02;0.000000000000000000e+00;0.000000000000000000e+00;2.766000000000000014e+00;7.500000000000000000e+00;2.266000000000000014e+00
4.000000000000000083e-02;0.000000000000000000e+00;5.999999999999999778e-02;2.705999999999999961e+00;7.500000000000000000e+00;2.266000000000000014e+00
5.999999999999999778e-02;0.000000000000000000e+00;3.699999999999999956e-01;2.395999999999999908e+00;7.500000000000000000e+00;2.266000000000000014e+00
8.000000000000000167e-02;0.000000000000000000e+00;7.399999999999999911e-01;2.025999999999999801e+00;7.500000000000000000e+00;2.266000000000000014e+00
1.000000000000000056e-01;0.000000000000000000e+00;1.229999999999999982e+00;1.536000000000000032e+00;7.500000000000000000e+00;2.266000000000000014e+00
1.200000000000000094e-01;0.000000000000000000e+00;1.639999999999999902e+00;1.126000000000000112e+00;7.500000000000000000e+00;2.266000000000000014e+00
1.400000000000000133e-01;0.000000000000000000e+00;1.860000000000000098e+00;9.059999999999999165e-01;7.500000000000000000e+00;2.266000000000000014e+00
1.600000000000000033e-01;0.000000000000000000e+00;2.009999999999999787e+00;7.560000000000002274e-01;7.500000000000000000e+00;2.266000000000000014e+00
1.799999999999999933e-01;0.000000000000000000e+00;2.140000000000000124e+00;6.259999999999998899e-01;7.500000000000000000e+00;2.266000000000000014e+00
1.999999999999999833e-01;0.000000000000000000e+00;2.290000000000000036e+00;4.759999999999999787e-01;7.500000000000000000e+00;2.266000000000000014e+00
2.199999999999999734e-01;0.000000000000000000e+00;2.410000000000000142e+00;3.559999999999998721e-01;7.500000000000000000e+00;2.266000000000000014e+00
2.399999999999999634e-01;0.000000000000000000e+00;2.490000000000000213e+00;2.759999999999998010e-01;7.500000000000000000e+00;2.266000000000000014e+00
2.599999999999999534e-01;0.000000000000000000e+00;2.620000000000000107e+00;1.459999999999999076e-01;7.500000000000000000e+00;2.266000000000000014e+00
2.799999999999999711e-01;0.000000000000000000e+00;2.700000000000000178e+00;6.599999999999983658e-02;7.500000000000000000e+00;2.266000000000000014e+00
2.999999999999999889e-01;0.000000000000000000e+00;2.799999999999999822e+00;-3.399999999999980815e-02;7.500000000000000000e+00;2.266000000000000014e+00
3.200000000000000067e-01;0.000000000000000000e+00;2.890000000000000124e+00;-1.240000000000001101e-01;7.500000000000000000e+00;2.266000000000000014e+00
3.400000000000000244e-01;0.000000000000000000e+00;2.959999999999999964e+00;-1.939999999999999503e-01;7.500000000000000000e+00;2.266000000000000014e+00
3.600000000000000422e-01;0.000000000000000000e+00;3.029999999999999805e+00;-2.639999999999997904e-01;7.500000000000000000e+00;2.266000000000000014e+00
3.800000000000000600e-01;0.000000000000000000e+00;3.049999999999999822e+00;-2.839999999999998082e-01;7.500000000000000000e+00;2.266000000000000014e+00
4.000000000000000777e-01;0.000000000000000000e+00;3.069999999999999840e+00;-3.039999999999998259e-01;7.500000000000000000e+00;2.266000000000000014e+00
4.200000000000000955e-01;0.000000000000000000e+00;3.069999999999999840e+00;-3.039999999999998259e-01;7.500000000000000000e+00;2.266000000000000014e+00
4.400000000000001132e-01;0.000000000000000000e+00;3.060000000000000053e+00;-2.940000000000000391e-01;7.500000000000000000e+00;2.266000000000000014e+00
4.600000000000001310e-01;0.000000000000000000e+00;3.049999999999999822e+00;-2.839999999999998082e-01;7.500000000000000000e+00;2.266000000000000014e+00
4.800000000000001488e-01;0.000000000000000000e+00;3.089999999999999858e+00;-3.239999999999998437e-01;7.500000000000000000e+00;2.266000000000000014e+00
5.000000000000001110e-01;0.000000000000000000e+00;3.080000000000000071e+00;-3.140000000000000568e-01;7.500000000000000000e+00;2.266000000000000014e+00
5.200000000000001288e-01;0.000000000000000000e+00;3.080000000000000071e+00;-3.140000000000000568e-01;7.500000000000000000e+00;2.266000000000000014e+00
5.400000000000001465e-01;0.000000000000000000e+00;3.060000000000000053e+00;-2.940000000000000391e-01;7.500000000000000000e+00;2.266000000000000014e+00
5.600000000000001643e-01;0.000000000000000000e+00;3.060000000000000053e+00;-2.940000000000000391e-01;7.500000000000000000e+00;2.266000000000000014e+00
5.800000000000001821e-01;0.000000000000000000e+00;3.080000000000000071e+00;-3.140000000000000568e-01;7.500000000000000000e+00;2.266000000000000014e+00
6.000000000000001998e-01;0.000000000000000000e+00;3.080000000000000071e+00;-3.140000000000000568e-01;7.500000000000000000e+00;2.266000000000000014e+00
6.200000000000002176e-01;0.000000000000000000e+00;3.069999999999999840e+00;-3.039999999999998259e-01;7.500000000000000000e+00;2.266000000000000014e+00
6.400000000000002354e-01;0.000000000000000000e+00;3.069999999999999840e+00;-3.039999999999998259e-01;7.500000000000000000e+00;2.266000000000000014e+00
6.600000000000002531e-01;0.000000000000000000e+00;3.080000000000000071e+00;-3.140000000000000568e-01;7.500000000000000000e+00;2.266000000000000014e+00
6.800000000000002709e-01;0.000000000000000000e+00;3.049999999999999822e+00;-2.839999999999998082e-01;7.500000000000000000e+00;2.266000000000000014e+00
7.000000000000002887e-01;0.000000000000000000e+00;3.060000000000000053e+00;-2.940000000000000391e-01;7.500000000000000000e+00;2.266000000000000014e+00
7.200000000000003064e-01;0.000000000000000000e+00;3.080000000000000071e+00;-3.140000000000000568e-01;7.500000000000000000e+00;2.266000000000000014e+00
7.400000000000003242e-01;0.000000000000000000e+00;3.069999999999999840e+00;-3.039999999999998259e-01;7.500000000000000000e+00;2.266000000000000014e+00
7.600000000000003419e-01;0.000000000000000000e+00;3.060000000000000053e+00;-2.940000000000000391e-01;7.500000000000000000e+00;2.266000000000000014e+00
7.800000000000003597e-01;0.000000000000000000e+00;3.089999999999999858e+00;-3.239999999999998437e-01;7.500000000000000000e+00;2.266000000000000014e+00
8.000000000000003775e-01;0.000000000000000000e+00;3.089999999999999858e+00;-3.239999999999998437e-01;7.500000000000000000e+00;2.266000000000000014e+00
8.200000000000003952e-01;0.000000000000000000e+00;3.060000000000000053e+00;-2.940000000000000391e-01;7.500000000000000000e+00;2.266000000000000014e+00
8.400000000000004130e-01;0.000000000000000000e+00;3.080000000000000071e+00;-3.140000000000000568e-01;7.500000000000000000e+00;2.266000000000000014e+00
8.600000000000004308e-01;0.000000000000000000e+00;3.080000000000000071e+00;-3.140000000000000568e-01;7.500000000000000000e+00;2.266000000000000014e+00
8.800000000000004485e-01;0.000000000000000000e+00;3.060000000000000053e+00;-2.940000000000000391e-01;7.500000000000000000e+00;2.266000000000000014e+00
9.000000000000004663e-01;0.000000000000000000e+00;3.089999999999999858e+00;-3.239999999999998437e-01;7.500000000000000000e+00;2.266000000000000014e+00
9.200000000000004841e-01;0.000000000000000000e+00;3.089999999999999858e+00;-3.239999999999998437e-01;7.500000000000000000e+00;2.266000000000000014e+00
9.400000000000005018e-01;0.000000000000000000e+00;3.089999999999999858e+00;-3.239999999999998437e-01;7.500000000000000000e+00;2.266000000000000014e+00
9.600000000000005196e-01;0.000000000000000000e+00;3.060000000000000053e+00;-2.940000000000000391e-01;7.500000000000000000e+00;2.266000000000000014e+00
9.800000000000005373e-01;0.000000000000000000e+00;3.069999999999999840e+00;-3.039999999999998259e-01;7.500000000000000000e+00;2.266000000000000014e+00
1.000000000000000444e+00;-5.000000000000000000e-01;3.060000000000000053e+00;-1.294000000000000039e+00;4.793848000000000553e+00;1.766000000000000014e+00
1.020000000000000462e+00;-5.000000000000000000e-01;3.080000000000000071e+00;-1.314000000000000057e+00;3.357306000000000346e+00;1.766000000000000014e+00
1.040000000000000480e+00;-5.000000000000000000e-01;3.020000000000000018e+00;-1.254000000000000004e+00;2.091624000000000372e+00;1.766000000000000014e+00
1.060000000000000497e+00;-5.000000000000000000e-01;2.919999999999999929e+00;-1.153999999999999915e+00;9.864820000000007472e-01;1.766000000000000014e+00
1.080000000000000515e+00;-5.000000000000000000e-01;2.839999999999999858e+00;-1.073999999999999844e+00;-5.943999999999882711e-02;1.766000000000000014e+00
1.100000000000000533e+00;-5.000000000000000000e-01;2.759999999999999787e+00;-9.939999999999997726e-01;-1.019521999999998707e+00;1.766000000000000014e+00
1.120000000000000551e+00;-5.000000000000000000e-01;2.640000000000000124e+00;-8.740000000000001101e-01;-1.797603999999998869e+00;1.766000000000000014e+00
1.140000000000000568e+00;-5.000000000000000000e-01;2.529999999999999805e+00;-7.639999999999997904e-01;-2.470965999999998441e+00;1.766000000000000014e+00
1.160000000000000586e+00;-5.000000000000000000e-01;2.399999999999999911e+00;-6.339999999999998970e-01;-2.978217999999998700e+00;1.766000000000000014e+00
1.180000000000000604e+00;-5.000000000000000000e-01;2.279999999999999805e+00;-5.139999999999997904e-01;-3.370019999999998017e+00;1.766000000000000014e+00
1.200000000000000622e+00;-5.000000000000000000e-01;2.129999999999999893e+00;-3.639999999999998792e-01;-3.560941999999997609e+00;1.766000000000000014e+00
1.220000000000000639e+00;-5.000000000000000000e-01;2.000000000000000000e+00;-2.339999999999999858e-01;-3.638993999999998064e+00;1.766000000000000014e+00
1.240000000000000657e+00;-5.000000000000000000e-01;1.860000000000000098e+00;-9.400000000000008349e-02;-3.553515999999998343e+00;1.766000000000000014e+00
1.260000000000000675e+00;-5.000000000000000000e-01;1.739999999999999991e+00;2.600000000000002309e-02;-3.365897999999998280e+00;1.766000000000000014e+00
1.280000000000000693e+00;-5.000000000000000000e-01;1.620000000000000107e+00;1.459999999999999076e-01;-3.049519999999998454e+00;1.766000000000000014e+00
1.300000000000000711e+00;-5.000000000000000000e-01;1.580000000000000071e+00;1.859999999999999432e-01;-2.796701999999998467e+00;1.766000000000000014e+00
1.320000000000000728e+00;-5.000000000000000000e-01;1.560000000000000053e+00;2.059999999999999609e-01;-2.549043999999998533e+00;1.766000000000000014e+00
1.340000000000000746e+00;-5.000000000000000000e-01;1.530000000000000027e+00;2.359999999999999876e-01;-2.255885999999998504e+00;1.766000000000000014e+00
1.360000000000000764e+00;-5.000000000000000000e-01;1.570000000000000062e+00;1.959999999999999520e-01;-2.098817999999998740e+00;1.766000000000000014e+00
1.380000000000000782e+00;-5.000000000000000000e-01;1.610000000000000098e+00;1.559999999999999165e-01;-1.984669999999998824e+00;1.766000000000000014e+00
1.400000000000000799e+00;-5.000000000000000000e-01;1.649999999999999911e+00;1.160000000000001030e-01;-1.913441999999998533e+00;1.766000000000000014e+00
1.420000000000000817e+00;-5.000000000000000000e-01;1.739999999999999991e+00;2.600000000000002309e-02;-2.005333999999998618e+00;1.766000000000000014e+00
1.440000000000000835e+00;-5.000000000000000000e-01;1.790000000000000036e+00;-2.400000000000002132e-02;-2.097635999999998724e+00;1.766000000000000014e+00
1.460000000000000853e+00;-5.000000000000000000e-01;1.820000000000000062e+00;-5.400000000000004796e-02;-2.195507999999998461e+00;1.766000000000000014e+00
1.480000000000000870e+00;-5.000000000000000000e-01;1.860000000000000098e+00;-9.400000000000008349e-02;-2.349609999999998422e+00;1.766000000000000014e+00
1.500000000000000888e+00;-5.000000000000000000e-01;1.879999999999999893e+00;-1.139999999999998792e-01;-2.498551999999998330e+00;1.766000000000000014e+00
1.520000000000000906e+00;-5.000000000000000000e-01;1.870000000000000107e+00;-1.040000000000000924e-01;-2.596833999999998976e+00;1.766000000000000014e+00
1.540000000000000924e+00;-5.000000000000000000e-01;1.840000000000000080e+00;-7.400000000000006573e-02;-2.636305999999998928e+00;1.766000000000000014e+00
1.560000000000000941e+00;-5.000000000000000000e-01;1.830000000000000071e+00;-6.400000000000005684e-02;-2.691667999999999061e+00;1.766000000000000014e+00
1.580000000000000959e+00;-5.000000000000000000e-01;1.790000000000000036e+00;-2.400000000000002132e-02;-2.664179999999999104e+00;1.766000000000000014e+00
1.600000000000000977e+00;-5.000000000000000000e-01;1.770000000000000018e+00;-4.000000000000003553e-03;-2.641851999999998757e+00;1.766000000000000014e+00
1.620000000000000995e+00;-5.000000000000000000e-01;1.739999999999999991e+00;2.600000000000002309e-02;-2.574023999999998757e+00;1.766000000000000014e+00
1.640000000000001013e+00;-5.000000000000000000e-01;1.739999999999999991e+00;2.600000000000002309e-02;-2.546125999999998779e+00;1.766000000000000014e+00
1.660000000000001030e+00;-5.000000000000000000e-01;1.729999999999999982e+00;3.600000000000003197e-02;-2.494187999999998961e+00;1.766000000000000014e+00
1.680000000000001048e+00;-5.000000000000000000e-01;1.739999999999999991e+00;2.600000000000002309e-02;-2.479599999999998694e+00;1.766000000000000014e+00
1.700000000000001066e+00;-5.000000000000000000e-01;1.729999999999999982e+00;3.600000000000003197e-02;-2.427661999999998876e+00;1.766000000000000014e+00
1.720000000000001084e+00;-5.000000000000000000e-01;1.739999999999999991e+00;2.600000000000002309e-02;-2.413073999999998609e+00;1.766000000000000014e+00
1.740000000000001101e+00;-5.000000000000000000e-01;1.750000000000000000e+00;1.600000000000001421e-02;-2.409215999999998914e+00;1.766000000000000014e+00
1.760000000000001119e+00;-5.000000000000000000e-01;1.760000000000000009e+00;6.000000000000005329e-03;-2.416087999999998903e+00;1.766000000000000014e+00
1.780000000000001137e+00;-5.000000000000000000e-01;1.770000000000000018e+00;-4.000000000000003553e-03;-2.433689999999998577e+00;1.766000000000000014e+00
1.800000000000001155e+00;-5.000000000000000000e-01;1.770000000000000018e+00;-4.000000000000003553e-03;-2.437981999999998539e+00;1.766000000000000014e+00
1.820000000000001172e+00;-5.000000000000000000e-01;1.780000000000000027e+00;-1.400000000000001243e-02;-2.466313999999998785e+00;1.766000000000000014e+00
1.840000000000001190e+00;-5.000000000000000000e-01;1.790000000000000036e+00;-2.400000000000002132e-02;-2.505375999999998715e+00;1.766000000000000014e+00
1.860000000000001208e+00;-5.000000000000000000e-01;1.790000000000000036e+00;-2.400000000000002132e-02;-2.531127999999998490e+00;1.766000000000000014e+00
1.880000000000001226e+00;-5.000000000000000000e-01;1.770000000000000018e+00;-4.000000000000003553e-03;-2.508799999999998143e+00;1.766000000000000014e+00
1.900000000000001243e+00;-5.000000000000000000e-01;1.780000000000000027e+00;-1.400000000000001243e-02;-2.537131999999998389e+00;1.766000000000000014e+00
1.920000000000001261e+00;-5.000000000000000000e-01;1.780000000000000027e+00;-1.400000000000001243e-02;-2.552153999999998479e+00;1.766000000000000014e+00
1.940000000000001279e+00;-5.000000000000000000e-01;1.750000000000000000e+00;1.600000000000001421e-02;-2.495055999999998608e+00;1.766000000000000014e+00
1.960000000000001297e+00;-5.000000000000000000e-01;1.790000000000000036e+00;-2.400000000000002132e-02;-2.574047999999998559e+00;1.766000000000000014e+00
1.980000000000001315e+00;-5.000000000000000000e-01;1.770000000000000018e+00;-4.000000000000003553e-03;-2.551719999999998212e+00;1.766000000000000014e+00
2.000000000000001332e+00;5.000000000000000000e-01;1.780000000000000027e+00;9.859999999999999876e-01;-1.760519999999984320e-01;2.766000000000000014e+00
2.020000000000001350e+00;5.000000000000000000e-01;1.760000000000000009e+00;1.006000000000000005e+00;9.300060000000014426e-01;2.766000000000000014e+00
2.040000000000001368e+00;5.000000000000000000e-01;1.830000000000000071e+00;9.359999999999999432e-01;1.841164000000001133e+00;2.766000000000000014e+00
2.060000000000001386e+00;5.000000000000000000e-01;2.029999999999999805e+00;7.360000000000002096e-01;2.364692000000001570e+00;2.766000000000000014e+00
2.080000000000001403e+00;5.000000000000000000e-01;2.240000000000000213e+00;5.259999999999998010e-01;2.649580000000001156e+00;2.766000000000000014e+00
2.100000000000001421e+00;5.000000000000000000e-01;2.439999999999999947e+00;3.260000000000000675e-01;2.733178000000001440e+00;2.766000000000000014e+00
2.120000000000001439e+00;5.000000000000000000e-01;2.580000000000000071e+00;1.859999999999999432e-01;2.746416000000001301e+00;2.766000000000000014e+00
2.140000000000001457e+00;5.000000000000000000e-01;2.629999999999999893e+00;1.360000000000001208e-01;2.825794000000001471e+00;2.766000000000000014e+00
2.160000000000001474e+00;5.000000000000000000e-01;2.680000000000000160e+00;8.599999999999985434e-02;2.851522000000001000e+00;2.766000000000000014e+00
2.180000000000001492e+00;5.000000000000000000e-01;2.709999999999999964e+00;5.600000000000004974e-02;2.871680000000001343e+00;2.766000000000000014e+00
2.200000000000001510e+00;5.000000000000000000e-01;2.729999999999999982e+00;3.600000000000003197e-02;2.883688000000001139e+00;2.766000000000000014e+00
2.220000000000001528e+00;5.000000000000000000e-01;2.720000000000000195e+00;4.599999999999981881e-02;2.946356000000000641e+00;2.766000000000000014e+00
2.240000000000001545e+00;5.000000000000000000e-01;2.720000000000000195e+00;4.599999999999981881e-02;2.995714000000000432e+00;2.766000000000000014e+00
2.260000000000001563e+00;5.000000000000000000e-01;2.740000000000000213e+00;2.599999999999980105e-02;2.996992000000000544e+00;2.766000000000000014e+00
2.280000000000001581e+00;5.000000000000000000e-01;2.720000000000000195e+00;4.599999999999981881e-02;3.072970000000000201e+00;2.766000000000000014e+00
2.300000000000001599e+00;5.000000000000000000e-01;2.729999999999999982e+00;3.600000000000003197e-02;3.098288000000000597e+00;2.766000000000000014e+00
2.320000000000001616e+00;5.000000000000000000e-01;2.750000000000000000e+00;1.600000000000001421e-02;3.088836000000000581e+00;2.766000000000000014e+00
2.340000000000001634e+00;5.000000000000000000e-01;2.740000000000000213e+00;2.599999999999980105e-02;3.130044000000000270e+00;2.766000000000000014e+00
2.360000000000001652e+00;5.000000000000000000e-01;2.750000000000000000e+00;1.600000000000001421e-02;3.133902000000000410e+00;2.766000000000000014e+00
2.380000000000001670e+00;5.000000000000000000e-01;2.750000000000000000e+00;1.600000000000001421e-02;3.151070000000000260e+00;2.766000000000000014e+00
2.400000000000001688e+00;5.000000000000000000e-01;2.759999999999999787e+00;6.000000000000227374e-03;3.144198000000000714e+00;2.766000000000000014e+00
2.420000000000001705e+00;5.000000000000000000e-01;2.750000000000000000e+00;1.600000000000001421e-02;3.174676000000000275e+00;2.766000000000000014e+00
2.440000000000001723e+00;5.000000000000000000e-01;2.740000000000000213e+00;2.599999999999980105e-02;3.215883999999999965e+00;2.766000000000000014e+00
2.460000000000001741e+00;5.000000000000000000e-01;2.750000000000000000e+00;1.600000000000001421e-02;3.219742000000000104e+00;2.766000000000000014e+00
2.480000000000001759e+00;5.000000000000000000e-01;2.750000000000000000e+00;1.600000000000001421e-02;3.236909999999999954e+00;2.766000000000000014e+00
2.500000000000001776e+00;5.000000000000000000e-01;2.770000000000000018e+00;-4.000000000000003553e-03;3.205998000000000125e+00;2.766000000000000014e+00
2.520000000000001794e+00;5.000000000000000000e-01;2.770000000000000018e+00;-4.000000000000003553e-03;3.201706000000000163e+00;2.766000000000000014e+00
2.540000000000001812e+00;5.000000000000000000e-01;2.759999999999999787e+00;6.000000000000227374e-03;3.221454000000000484e+00;2.766000000000000014e+00
2.560000000000001830e+00;5.000000000000000000e-01;2.750000000000000000e+00;1.600000000000001421e-02;3.251932000000000045e+00;2.766000000000000014e+00
2.580000000000001847e+00;5.000000000000000000e-01;2.779999999999999805e+00;-1.399999999999979039e-02;3.196980000000000377e+00;2.766000000000000014e+00
2.600000000000001865e+00;5.000000000000000000e-01;2.750000000000000000e+00;1.600000000000001421e-02;3.254077999999999804e+00;2.766000000000000014e+00
2.620000000000001883e+00;5.000000000000000000e-01;2.750000000000000000e+00;1.600000000000001421e-02;3.271245999999999654e+00;2.766000000000000014e+00
2.640000000000001901e+00;5.000000000000000000e-01;2.759999999999999787e+00;6.000000000000227374e-03;3.264374000000000109e+00;2.766000000000000014e+00
2.660000000000001918e+00;5.000000000000000000e-01;2.770000000000000018e+00;-4.000000000000003553e-03;3.246771999999999991e+00;2.766000000000000014e+00
2.680000000000001936e+00;5.000000000000000000e-01;2.770000000000000018e+00;-4.000000000000003553e-03;3.242480000000000029e+00;2.766000000000000014e+00
2.700000000000001954e+00;5.000000000000000000e-01;2.740000000000000213e+00;2.599999999999980105e-02;3.310307999999999584e+00;2.766000000000000014e+00
2.720000000000001972e+00;5.000000000000000000e-01;2.770000000000000018e+00;-4.000000000000003553e-03;3.266086000000000045e+00;2.766000000000000014e+00
2.740000000000001990e+00;5.000000000000000000e-01;2.779999999999999805e+00;-1.399999999999979039e-02;3.237754000000000243e+00;2.766000000000000014e+00
2.760000000000002007e+00;5.000000000000000000e-01;2.770000000000000018e+00;-4.000000000000003553e-03;3.246771999999999991e+00;2.766000000000000014e+00
2.780000000000002025e+00;5.000000000000000000e-01;2.759999999999999787e+00;6.000000000000227374e-03;3.266520000000000312e+00;2.766000000000000014e+00
2.800000000000002043e+00;5.000000000000000000e-01;2.770000000000000018e+00;-4.000000000000003553e-03;3.248918000000000195e+00;2.766000000000000014e+00
2.820000000000002061e+00;5.000000000000000000e-01;2.770000000000000018e+00;-4.000000000000003553e-03;3.244626000000000232e+00;2.766000000000000014e+00
2.840000000000002078e+00;5.000000000000000000e-01;2.750000000000000000e+00;1.600000000000001421e-02;3.288413999999999948e+00;2.766000000000000014e+00
2.860000000000002096e+00;5.000000000000000000e-01;2.779999999999999805e+00;-1.399999999999979039e-02;3.233462000000000280e+00;2.766000000000000014e+00
2.880000000000002114e+00;5.000000000000000000e-01;2.770000000000000018e+00;-4.000000000000003553e-03;3.242480000000000029e+00;2.766000000000000014e+00
2.900000000000002132e+00;5.000000000000000000e-01;2.759999999999999787e+00;6.000000000000227374e-03;3.262228000000000350e+00;2.766000000000000014e+00
2.920000000000002149e+00;5.000000000000000000e-01;2.750000000000000000e+00;1.600000000000001421e-02;3.292705999999999911e+00;2.766000000000000014e+00
2.940000000000002167e+00;5.000000000000000000e-01;2.779999999999999805e+00;-1.399999999999979039e-02;3.237754000000000243e+00;2.766000000000000014e+00
2.960000000000002185e+00;5.000000000000000000e-01;2.779999999999999805e+00;-1.399999999999979039e-02;3.222732000000000152e+00;2.766000000000000014e+00
2.980000000000002203e+00;5.000000000000000000e-01;2.740000000000000213e+00;2.599999999999980105e-02;3.303869999999999418e+00;2.766000000000000014e+00
3.000000000000002220e+00;-5.000000000000000000e-01;2.750000000000000000e+00;-9.839999999999999858e-01;9.037279999999996427e-01;1.766000000000000014e+00
3.020000000000002238e+00;-5.000000000000000000e-01;2.770000000000000018e+00;-1.004000000000000004e+00;-2.001840000000001396e-01;1.766000000000000014e+00
3.040000000000002256e+00;-5.000000000000000000e-01;2.729999999999999982e+00;-9.639999999999999680e-01;-1.181316000000000033e+00;1.766000000000000014e+00
3.060000000000002274e+00;-5.000000000000000000e-01;2.649999999999999911e+00;-8.839999999999998970e-01;-2.023367999999999611e+00;1.766000000000000014e+00
3.080000000000002292e+00;-5.000000000000000000e-01;2.520000000000000018e+00;-7.540000000000000036e-01;-2.659380000000000077e+00;1.766000000000000014e+00
3.100000000000002309e+00;-5.000000000000000000e-01;2.410000000000000142e+00;-6.440000000000001279e-01;-3.203982000000000330e+00;1.766000000000000014e+00
3.120000000000002327e+00;-5.000000000000000000e-01;2.279999999999999805e+00;-5.139999999999997904e-01;-3.582473999999999492e+00;1.766000000000000014e+00
3.140000000000002345e+00;-5.000000000000000000e-01;2.089999999999999858e+00;-3.239999999999998437e-01;-3.677235999999999283e+00;1.766000000000000014e+00
3.160000000000002363e+00;-5.000000000000000000e-01;1.939999999999999947e+00;-1.739999999999999325e-01;-3.664287999999999546e+00;1.766000000000000014e+00
3.180000000000002380e+00;-5.000000000000000000e-01;1.790000000000000036e+00;-2.400000000000002132e-02;-3.490389999999999660e+00;1.766000000000000014e+00
3.200000000000002398e+00;-5.000000000000000000e-01;1.689999999999999947e+00;7.600000000000006750e-02;-3.275741999999999265e+00;1.766000000000000014e+00
3.220000000000002416e+00;-5.000000000000000000e-01;1.570000000000000062e+00;1.959999999999999520e-01;-2.905713999999999242e+00;1.766000000000000014e+00
3.240000000000002434e+00;-5.000000000000000000e-01;1.530000000000000027e+00;2.359999999999999876e-01;-2.599245999999999501e+00;1.766000000000000014e+00
3.260000000000002451e+00;-5.000000000000000000e-01;1.520000000000000018e+00;2.459999999999999964e-01;-2.321977999999999209e+00;1.766000000000000014e+00
3.280000000000002469e+00;-5.000000000000000000e-01;1.550000000000000044e+00;2.159999999999999698e-01;-2.130139999999999034e+00;1.766000000000000014e+00
3.300000000000002487e+00;-5.000000000000000000e-01;1.570000000000000062e+00;1.959999999999999520e-01;-1.946451999999999183e+00;1.766000000000000014e+00
3.320000000000002505e+00;-5.000000000000000000e-01;1.649999999999999911e+00;1.160000000000001030e-01;-1.928463999999998846e+00;1.766000000000000014e+00
3.340000000000002522e+00;-5.000000000000000000e-01;1.699999999999999956e+00;6.600000000000005862e-02;-1.924195999999998907e+00;1.766000000000000014e+00
3.360000000000002540e+00;-5.000000000000000000e-01;1.760000000000000009e+00;6.000000000000005329e-03;-1.997617999999999006e+00;1.766000000000000014e+00
3.380000000000002558e+00;-5.000000000000000000e-01;1.810000000000000053e+00;-4.400000000000003908e-02;-2.111379999999998702e+00;1.766000000000000014e+00
3.400000000000002576e+00;-5.000000000000000000e-01;1.860000000000000098e+00;-9.400000000000008349e-02;-2.278791999999998819e+00;1.766000000000000014e+00
3.420000000000002593e+00;-5.000000000000000000e-01;1.870000000000000107e+00;-1.040000000000000924e-01;-2.403693999999998887e+00;1.766000000000000014e+00
3.440000000000002611e+00;-5.000000000000000000e-01;1.889999999999999902e+00;-1.239999999999998881e-01;-2.563365999999998479e+00;1.766000000000000014e+00
3.460000000000002629e+00;-5.000000000000000000e-01;1.879999999999999893e+00;-1.139999999999998792e-01;-2.672377999999998366e+00;1.766000000000000014e+00
3.480000000000002647e+00;-5.000000000000000000e-01;1.830000000000000071e+00;-6.400000000000005684e-02;-2.674499999999998767e+00;1.766000000000000014e+00
3.500000000000002665e+00;-5.000000000000000000e-01;1.800000000000000044e+00;-3.400000000000003020e-02;-2.671051999999999094e+00;1.766000000000000014e+00
3.520000000000002682e+00;-5.000000000000000000e-01;1.780000000000000027e+00;-1.400000000000001243e-02;-2.659453999999999319e+00;1.766000000000000014e+00
3.540000000000002700e+00;-5.000000000000000000e-01;1.770000000000000018e+00;-4.000000000000003553e-03;-2.650435999999999126e+00;1.766000000000000014e+00
3.560000000000002718e+00;-5.000000000000000000e-01;1.739999999999999991e+00;2.600000000000002309e-02;-2.582607999999999127e+00;1.766000000000000014e+00
3.580000000000002736e+00;-5.000000000000000000e-01;1.739999999999999991e+00;2.600000000000002309e-02;-2.554709999999999148e+00;1.766000000000000014e+00
3.600000000000002753e+00;-5.000000000000000000e-01;1.739999999999999991e+00;2.600000000000002309e-02;-2.526811999999999170e+00;1.766000000000000014e+00
3.620000000000002771e+00;-5.000000000000000000e-01;1.729999999999999982e+00;3.600000000000003197e-02;-2.474873999999999352e+00;1.766000000000000014e+00
3.640000000000002789e+00;-5.000000000000000000e-01;1.750000000000000000e+00;1.600000000000001421e-02;-2.484325999999999368e+00;1.766000000000000014e+00
3.660000000000002807e+00;-5.000000000000000000e-01;1.750000000000000000e+00;1.600000000000001421e-02;-2.467157999999999518e+00;1.766000000000000014e+00
3.680000000000002824e+00;-5.000000000000000000e-01;1.760000000000000009e+00;6.000000000000005329e-03;-2.474029999999999507e+00;1.766000000000000014e+00
3.700000000000002842e+00;-5.000000000000000000e-01;1.750000000000000000e+00;1.600000000000001421e-02;-2.443551999999999502e+00;1.766000000000000014e+00
3.720000000000002860e+00;-5.000000000000000000e-01;1.770000000000000018e+00;-4.000000000000003553e-03;-2.474463999999999331e+00;1.766000000000000014e+00
3.740000000000002878e+00;-5.000000000000000000e-01;1.770000000000000018e+00;-4.000000000000003553e-03;-2.478755999999999293e+00;1.766000000000000014e+00
3.760000000000002895e+00;-5.000000000000000000e-01;1.770000000000000018e+00;-4.000000000000003553e-03;-2.483047999999999256e+00;1.766000000000000014e+00
3.780000000000002913e+00;-5.000000000000000000e-01;1.770000000000000018e+00;-4.000000000000003553e-03;-2.487339999999999218e+00;1.766000000000000014e+00
3.800000000000002931e+00;-5.000000000000000000e-01;1.750000000000000000e+00;1.600000000000001421e-02;-2.443551999999999502e+00;1.766000000000000014e+00
3.820000000000002949e+00;-5.000000000000000000e-01;1.760000000000000009e+00;6.000000000000005329e-03;-2.450423999999999491e+00;1.766000000000000014e+00
3.840000000000002967e+00;-5.000000000000000000e-01;1.750000000000000000e+00;1.600000000000001421e-02;-2.419945999999999486e+00;1.766000000000000014e+00
3.860000000000002984e+00;-5.000000000000000000e-01;1.770000000000000018e+00;-4.000000000000003553e-03;-2.450857999999999315e+00;1.766000000000000014e+00
3.880000000000003002e+00;-5.000000000000000000e-01;1.770000000000000018e+00;-4.000000000000003553e-03;-2.455149999999999277e+00;1.766000000000000014e+00
3.900000000000003020e+00;-5.000000000000000000e-01;1.790000000000000036e+00;-2.400000000000002132e-02;-2.507521999999999363e+00;1.766000000000000014e+00
3.920000000000003038e+00;-5.000000000000000000e-01;1.790000000000000036e+00;-2.400000000000002132e-02;-2.533273999999999138e+00;1.766000000000000014e+00
3.940000000000003055e+00;-5.000000000000000000e-01;1.780000000000000027e+00;-1.400000000000001243e-02;-2.534985999999999073e+00;1.766000000000000014e+00
3.960000000000003073e+00;-5.000000000000000000e-01;1.780000000000000027e+00;-1.400000000000001243e-02;-2.550007999999999164e+00;1.766000000000000014e+00
3.980000000000003091e+00;-5.000000000000000000e-01;1.760000000000000009e+00;6.000000000000005329e-03;-2.516949999999999132e+00;1.766000000000000014e+00
4.000000000000002665e+00;5.000000000000000000e-01;1.750000000000000000e+00;1.016000000000000014e+00;-8.247199999999939302e-02;2.766000000000000014e+00
4.020000000000002238e+00;5.000000000000000000e-01;1.739999999999999991e+00;1.026000000000000023e+00;1.031736000000000875e+00;2.766000000000000014e+00
4.040000000000001812e+00;5.000000000000000000e-01;1.830000000000000071e+00;9.359999999999999432e-01;1.916274000000000477e+00;2.766000000000000014e+00
4.060000000000001386e+00;5.000000000000000000e-01;2.029999999999999805e+00;7.360000000000002096e-01;2.439802000000001136e+00;2.766000000000000014e+00
4.080000000000000959e+00;5.000000000000000000e-01;2.240000000000000213e+00;5.259999999999998010e-01;2.724690000000000722e+00;2.766000000000000014e+00
4.100000000000000533e+00;5.000000000000000000e-01;2.419999999999999929e+00;3.460000000000000853e-01;2.856368000000001572e+00;2.766000000000000014e+00
4.120000000000000107e+00;5.000000000000000000e-01;2.529999999999999805e+00;2.360000000000002096e-01;2.963186000000001652e+00;2.766000000000000014e+00
4.139999999999999680e+00;5.000000000000000000e-01;2.629999999999999893e+00;1.360000000000001208e-01;2.976014000000001491e+00;2.766000000000000014e+00
4.159999999999999254e+00;5.000000000000000000e-01;2.669999999999999929e+00;9.600000000000008527e-02;3.025782000000001748e+00;2.766000000000000014e+00
4.179999999999998828e+00;5.000000000000000000e-01;2.709999999999999964e+00;5.600000000000004974e-02;3.032630000000001935e+00;2.766000000000000014e+00
4.199999999999998401e+00;5.000000000000000000e-01;2.720000000000000195e+00;4.599999999999981881e-02;3.068678000000001127e+00;2.766000000000000014e+00
4.219999999999997975e+00;5.000000000000000000e-01;2.720000000000000195e+00;4.599999999999981881e-02;3.118036000000000918e+00;2.766000000000000014e+00
4.239999999999997549e+00;5.000000000000000000e-01;2.729999999999999982e+00;3.600000000000003197e-02;3.143354000000001314e+00;2.766000000000000014e+00
4.259999999999997122e+00;5.000000000000000000e-01;2.729999999999999982e+00;3.600000000000003197e-02;3.181982000000001420e+00;2.766000000000000014e+00
4.279999999999996696e+00;5.000000000000000000e-01;2.750000000000000000e+00;1.600000000000001421e-02;3.172530000000001404e+00;2.766000000000000014e+00
4.299999999999996270e+00;5.000000000000000000e-01;2.729999999999999982e+00;3.600000000000003197e-02;3.237778000000001377e+00;2.766000000000000014e+00
4.319999999999995843e+00;5.000000000000000000e-01;2.750000000000000000e+00;1.600000000000001421e-02;3.228326000000001361e+00;2.766000000000000014e+00
4.339999999999995417e+00;5.000000000000000000e-01;2.770000000000000018e+00;-4.000000000000003553e-03;3.197414000000001533e+00;2.766000000000000014e+00
4.359999999999994991e+00;5.000000000000000000e-01;2.759999999999999787e+00;6.000000000000227374e-03;3.217162000000001854e+00;2.766000000000000014e+00
4.379999999999994564e+00;5.000000000000000000e-01;2.750000000000000000e+00;1.600000000000001421e-02;3.247640000000001415e+00;2.766000000000000014e+00
4.399999999999994138e+00;5.000000000000000000e-01;2.750000000000000000e+00;1.600000000000001421e-02;3.264808000000001265e+00;2.766000000000000014e+00
4.419999999999993712e+00;5.000000000000000000e-01;2.770000000000000018e+00;-4.000000000000003553e-03;3.233896000000001436e+00;2.766000000000000014e+00
4.439999999999993285e+00;5.000000000000000000e-01;2.770000000000000018e+00;-4.000000000000003553e-03;3.229604000000001474e+00;2.766000000000000014e+00
4.459999999999992859e+00;5.000000000000000000e-01;2.750000000000000000e+00;1.600000000000001421e-02;3.273392000000001190e+00;2.766000000000000014e+00
4.479999999999992433e+00;5.000000000000000000e-01;2.750000000000000000e+00;1.600000000000001421e-02;3.290560000000001040e+00;2.766000000000000014e+00
4.499999999999992006e+00;5.000000000000000000e-01;2.759999999999999787e+00;6.000000000000227374e-03;3.283688000000001495e+00;2.766000000000000014e+00
4.519999999999991580e+00;5.000000000000000000e-01;2.770000000000000018e+00;-4.000000000000003553e-03;3.266086000000001377e+00;2.766000000000000014e+00
4.539999999999991154e+00;5.000000000000000000e-01;2.770000000000000018e+00;-4.000000000000003553e-03;3.261794000000001414e+00;2.766000000000000014e+00
4.559999999999990727e+00;5.000000000000000000e-01;2.770000000000000018e+00;-4.000000000000003553e-03;3.257502000000001452e+00;2.766000000000000014e+00
4.579999999999990301e+00;5.000000000000000000e-01;2.770000000000000018e+00;-4.000000000000003553e-03;3.253210000000001489e+00;2.766000000000000014e+00
4.599999999999989875e+00;5.000000000000000000e-01;2.740000000000000213e+00;2.599999999999980105e-02;3.321038000000001045e+00;2.766000000000000014e+00
4.619999999999989448e+00;5.000000000000000000e-01;2.750000000000000000e+00;1.600000000000001421e-02;3.324896000000001184e+00;2.766000000000000014e+00
4.639999999999989022e+00;5.000000000000000000e-01;2.750000000000000000e+00;1.600000000000001421e-02;3.342064000000001034e+00;2.766000000000000014e+00
4.659999999999988596e+00;5.000000000000000000e-01;2.770000000000000018e+00;-4.000000000000003553e-03;3.311152000000001205e+00;2.766000000000000014e+00
4.679999999999988169e+00;5.000000000000000000e-01;2.759999999999999787e+00;6.000000000000227374e-03;3.330900000000001526e+00;2.766000000000000014e+00
4.699999999999987743e+00;5.000000000000000000e-01;2.759999999999999787e+00;6.000000000000227374e-03;3.337338000000001692e+00;2.766000000000000014e+00
4.719999999999987317e+00;5.000000000000000000e-01;2.759999999999999787e+00;6.000000000000227374e-03;3.343776000000001858e+00;2.766000000000000014e+00
4.739999999999986890e+00;5.000000000000000000e-01;2.770000000000000018e+00;-4.000000000000003553e-03;3.326174000000001740e+00;2.766000000000000014e+00
4.759999999999986464e+00;5.000000000000000000e-01;2.779999999999999805e+00;-1.399999999999979039e-02;3.297842000000001939e+00;2.766000000000000014e+00
4.779999999999986038e+00;5.000000000000000000e-01;2.770000000000000018e+00;-4.000000000000003553e-03;3.306860000000001687e+00;2.766000000000000014e+00
4.799999999999985612e+00;5.000000000000000000e-01;2.790000000000000036e+00;-2.400000000000002132e-02;3.254488000000001602e+00;2.766000000000000014e+00
4.819999999999985185e+00;5.000000000000000000e-01;2.759999999999999787e+00;6.000000000000227374e-03;3.300856000000002233e+00;2.766000000000000014e+00
4.839999999999984759e+00;5.000000000000000000e-01;2.770000000000000018e+00;-4.000000000000003553e-03;3.283254000000002115e+00;2.766000000000000014e+00
4.859999999999984333e+00;5.000000000000000000e-01;2.750000000000000000e+00;1.600000000000001421e-02;3.327042000000001831e+00;2.766000000000000014e+00
4.879999999999983906e+00;5.000000000000000000e-01;2.759999999999999787e+00;6.000000000000227374e-03;3.320170000000002286e+00;2.766000000000000014e+00
4.899999999999983480e+00;5.000000000000000000e-01;2.790000000000000036e+00;-2.400000000000002132e-02;3.254488000000002046e+00;2.766000000000000014e+00
4.919999999999983054e+00;5.000000000000000000e-01;2.759999999999999787e+00;6.000000000000227374e-03;3.300856000000002677e+00;2.766000000000000014e+00
4.939999999999982627e+00;5.000000000000000000e-01;2.750000000000000000e+00;1.600000000000001421e-02;3.331334000000002238e+00;2.766000000000000014e+00
4.959999999999982201e+00;5.000000000000000000e-01;2.759999999999999787e+00;6.000000000000227374e-03;3.324462000000002693e+00;2.766000000000000014e+00
4.979999999999981775e+00;5.000000000000000000e-01;2.770000000000000018e+00;-4.000000000000003553e-03;3.306860000000002575e+00;2.766000000000000014e+00
4.999999999999981348e+00;-5.000000000000000000e-01;2.779999999999999805e+00;-1.013999999999999790e+00;8.745280000000029696e-01;1.766000000000000014e+00
5.019999999999980922e+00;-5.000000000000000000e-01;2.750000000000000000e+00;-9.839999999999999858e-01;-1.413739999999974462e-01;1.766000000000000014e+00
5.039999999999980496e+00;-5.000000000000000000e-01;2.720000000000000195e+00;-9.540000000000001812e-01;-1.125085999999997810e+00;1.766000000000000014e+00
5.059999999999980069e+00;-5.000000000000000000e-01;2.649999999999999911e+00;-8.839999999999998970e-01;-1.980447999999997100e+00;1.766000000000000014e+00
5.079999999999979643e+00;-5.000000000000000000e-01;2.529999999999999805e+00;-7.639999999999997904e-01;-2.640499999999996739e+00;1.766000000000000014e+00
5.099999999999979217e+00;-5.000000000000000000e-01;2.399999999999999911e+00;-6.339999999999998970e-01;-3.147751999999996553e+00;1.766000000000000014e+00
5.119999999999978790e+00;-5.000000000000000000e-01;2.279999999999999805e+00;-5.139999999999997904e-01;-3.539553999999995870e+00;1.766000000000000014e+00
5.139999999999978364e+00;-5.000000000000000000e-01;2.149999999999999911e+00;-3.839999999999998970e-01;-3.778555999999996029e+00;1.766000000000000014e+00
5.159999999999977938e+00;-5.000000000000000000e-01;2.020000000000000018e+00;-2.540000000000000036e-01;-3.878067999999995852e+00;1.766000000000000014e+00
5.179999999999977511e+00;-5.000000000000000000e-01;1.879999999999999893e+00;-1.139999999999998792e-01;-3.814049999999995499e+00;1.766000000000000014e+00
5.199999999999977085e+00;-5.000000000000000000e-01;1.689999999999999947e+00;7.600000000000006750e-02;-3.479611999999995486e+00;1.766000000000000014e+00
5.219999999999976659e+00;-5.000000000000000000e-01;1.540000000000000036e+00;2.259999999999999787e-01;-3.037463999999995501e+00;1.766000000000000014e+00
5.239999999999976232e+00;-5.000000000000000000e-01;1.500000000000000000e+00;2.660000000000000142e-01;-2.698805999999995375e+00;1.766000000000000014e+00
5.259999999999975806e+00;-5.000000000000000000e-01;1.459999999999999964e+00;3.060000000000000497e-01;-2.317227999999995181e+00;1.766000000000000014e+00
5.279999999999975380e+00;-5.000000000000000000e-01;1.469999999999999973e+00;2.960000000000000409e-01;-2.012929999999995001e+00;1.766000000000000014e+00
5.299999999999974953e+00;-5.000000000000000000e-01;1.550000000000000044e+00;2.159999999999999698e-01;-1.887641999999995157e+00;1.766000000000000014e+00
5.319999999999974527e+00;-5.000000000000000000e-01;1.620000000000000107e+00;1.459999999999999076e-01;-1.824153999999995390e+00;1.766000000000000014e+00
5.339999999999974101e+00;-5.000000000000000000e-01;1.709999999999999964e+00;5.600000000000004974e-02;-1.883855999999995090e+00;1.766000000000000014e+00
5.359999999999973674e+00;-5.000000000000000000e-01;1.780000000000000027e+00;-1.400000000000001243e-02;-1.992047999999995378e+00;1.766000000000000014e+00
5.379999999999973248e+00;-5.000000000000000000e-01;1.850000000000000089e+00;-8.400000000000007461e-02;-2.175349999999995454e+00;1.766000000000000014e+00
5.399999999999972822e+00;-5.000000000000000000e-01;1.879999999999999893e+00;-1.139999999999998792e-01;-2.337601999999995073e+00;1.766000000000000014e+00
5.419999999999972395e+00;-5.000000000000000000e-01;1.870000000000000107e+00;-1.040000000000000924e-01;-2.435883999999995719e+00;1.766000000000000014e+00
5.439999999999971969e+00;-5.000000000000000000e-01;1.879999999999999893e+00;-1.139999999999998792e-01;-2.571515999999995472e+00;1.766000000000000014e+00
5.459999999999971543e+00;-5.000000000000000000e-01;1.860000000000000098e+00;-9.400000000000008349e-02;-2.645757999999995835e+00;1.766000000000000014e+00
5.479999999999971116e+00;-5.000000000000000000e-01;1.850000000000000089e+00;-8.400000000000007461e-02;-2.722579999999996225e+00;1.766000000000000014e+00
5.499999999999970690e+00;-5.000000000000000000e-01;1.810000000000000053e+00;-4.400000000000003908e-02;-2.716551999999996081e+00;1.766000000000000014e+00
5.519999999999970264e+00;-5.000000000000000000e-01;1.790000000000000036e+00;-2.400000000000002132e-02;-2.715683999999995990e+00;1.766000000000000014e+00
5.539999999999969837e+00;-5.000000000000000000e-01;1.750000000000000000e+00;1.600000000000001421e-02;-2.645275999999995964e+00;1.766000000000000014e+00
5.559999999999969411e+00;-5.000000000000000000e-01;1.729999999999999982e+00;3.600000000000003197e-02;-2.580027999999995991e+00;1.766000000000000014e+00
5.579999999999968985e+00;-5.000000000000000000e-01;1.739999999999999991e+00;2.600000000000002309e-02;-2.565439999999995724e+00;1.766000000000000014e+00
5.599999999999968558e+00;-5.000000000000000000e-01;1.709999999999999964e+00;5.600000000000004974e-02;-2.465421999999995784e+00;1.766000000000000014e+00
5.619999999999968132e+00;-5.000000000000000000e-01;1.709999999999999964e+00;5.600000000000004974e-02;-2.405333999999995864e+00;1.766000000000000014e+00
5.639999999999967706e+00;-5.000000000000000000e-01;1.719999999999999973e+00;4.600000000000004086e-02;-2.369285999999995784e+00;1.766000000000000014e+00
5.659999999999967280e+00;-5.000000000000000000e-01;1.739999999999999991e+00;2.600000000000002309e-02;-2.368007999999995672e+00;1.766000000000000014e+00
5.679999999999966853e+00;-5.000000000000000000e-01;1.760000000000000009e+00;6.000000000000005329e-03;-2.388189999999995816e+00;1.766000000000000014e+00
5.699999999999966427e+00;-5.000000000000000000e-01;1.770000000000000018e+00;-4.000000000000003553e-03;-2.405791999999995490e+00;1.766000000000000014e+00
5.719999999999966001e+00;-5.000000000000000000e-01;1.780000000000000027e+00;-1.400000000000001243e-02;-2.434123999999995736e+00;1.766000000000000014e+00
5.739999999999965574e+00;-5.000000000000000000e-01;1.790000000000000036e+00;-2.400000000000002132e-02;-2.473185999999995666e+00;1.766000000000000014e+00
5.759999999999965148e+00;-5.000000000000000000e-01;1.790000000000000036e+00;-2.400000000000002132e-02;-2.498937999999995441e+00;1.766000000000000014e+00
5.779999999999964722e+00;-5.000000000000000000e-01;1.800000000000000044e+00;-3.400000000000003020e-02;-2.548729999999995499e+00;1.766000000000000014e+00
5.799999999999964295e+00;-5.000000000000000000e-01;1.790000000000000036e+00;-2.400000000000002132e-02;-2.561171999999995563e+00;1.766000000000000014e+00
5.819999999999963869e+00;-5.000000000000000000e-01;1.770000000000000018e+00;-4.000000000000003553e-03;-2.538843999999995216e+00;1.766000000000000014e+00
5.839999999999963443e+00;-5.000000000000000000e-01;1.770000000000000018e+00;-4.000000000000003553e-03;-2.543135999999995178e+00;1.766000000000000014e+00
5.859999999999963016e+00;-5.000000000000000000e-01;1.750000000000000000e+00;1.600000000000001421e-02;-2.499347999999995462e+00;1.766000000000000014e+00
5.879999999999962590e+00;-5.000000000000000000e-01;1.760000000000000009e+00;6.000000000000005329e-03;-2.506219999999995451e+00;1.766000000000000014e+00
5.899999999999962164e+00;-5.000000000000000000e-01;1.739999999999999991e+00;2.600000000000002309e-02;-2.451701999999995163e+00;1.766000000000000014e+00
5.919999999999961737e+00;-5.000000000000000000e-01;1.760000000000000009e+00;6.000000000000005329e-03;-2.471883999999995307e+00;1.766000000000000014e+00
5.939999999999961311e+00;-5.000000000000000000e-01;1.739999999999999991e+00;2.600000000000002309e-02;-2.417365999999995019e+00;1.766000000000000014e+00
5.959999999999960885e+00;-5.000000000000000000e-01;1.760000000000000009e+00;6.000000000000005329e-03;-2.437547999999995163e+00;1.766000000000000014e+00
5.979999999999960458e+00;-5.000000000000000000e-01;1.770000000000000018e+00;-4.000000000000003553e-03;-2.455149999999994836e+00;1.766000000000000014e+00
5.999999999999960032e+00;5.000000000000000000e-01;1.750000000000000000e+00;1.016000000000000014e+00;-7.361999999995085149e-03;2.766000000000000014e+00
6.019999999999959606e+00;5.000000000000000000e-01;1.750000000000000000e+00;1.016000000000000014e+00;1.082806000000004598e+00;2.766000000000000014e+00
6.039999999999959179e+00;5.000000000000000000e-01;1.870000000000000107e+00;8.959999999999999076e-01;1.884494000000004554e+00;2.766000000000000014e+00
6.059999999999958753e+00;5.000000000000000000e-01;2.049999999999999822e+00;7.160000000000001918e-01;2.413182000000005267e+00;2.766000000000000014e+00
6.079999999999958327e+00;5.000000000000000000e-01;2.259999999999999787e+00;5.060000000000002274e-01;2.676610000000005485e+00;2.766000000000000014e+00
6.099999999999957900e+00;5.000000000000000000e-01;2.459999999999999964e+00;3.060000000000000497e-01;2.738748000000005511e+00;2.766000000000000014e+00
6.119999999999957474e+00;5.000000000000000000e-01;2.549999999999999822e+00;2.160000000000001918e-01;2.850726000000006088e+00;2.766000000000000014e+00
6.139999999999957048e+00;5.000000000000000000e-01;2.640000000000000124e+00;1.259999999999998899e-01;2.866134000000005511e+00;2.766000000000000014e+00
6.159999999999956621e+00;5.000000000000000000e-01;2.689999999999999947e+00;7.600000000000006750e-02;2.881132000000005799e+00;2.766000000000000014e+00
6.179999999999956195e+00;5.000000000000000000e-01;2.700000000000000178e+00;6.599999999999983658e-02;2.938640000000005248e+00;2.766000000000000014e+00
6.199999999999955769e+00;5.000000000000000000e-01;2.720000000000000195e+00;4.599999999999981881e-02;2.961378000000004729e+00;2.766000000000000014e+00
6.219999999999955342e+00;5.000000000000000000e-01;2.720000000000000195e+00;4.599999999999981881e-02;3.010736000000004520e+00;2.766000000000000014e+00
6.239999999999954916e+00;5.000000000000000000e-01;2.729999999999999982e+00;3.600000000000003197e-02;3.036054000000004915e+00;2.766000000000000014e+00
6.259999999999954490e+00;5.000000000000000000e-01;2.740000000000000213e+00;2.599999999999980105e-02;3.050642000000004739e+00;2.766000000000000014e+00
6.279999999999954063e+00;5.000000000000000000e-01;2.709999999999999964e+00;5.600000000000004974e-02;3.150660000000005123e+00;2.766000000000000014e+00
6.299999999999953637e+00;5.000000000000000000e-01;2.720000000000000195e+00;4.599999999999981881e-02;3.186708000000004315e+00;2.766000000000000014e+00
6.319999999999953211e+00;5.000000000000000000e-01;2.750000000000000000e+00;1.600000000000001421e-02;3.163946000000004588e+00;2.766000000000000014e+00
6.339999999999952784e+00;5.000000000000000000e-01;2.750000000000000000e+00;1.600000000000001421e-02;3.181114000000004438e+00;2.766000000000000014e+00
6.359999999999952358e+00;5.000000000000000000e-01;2.740000000000000213e+00;2.599999999999980105e-02;3.222322000000004127e+00;2.766000000000000014e+00
6.379999999999951932e+00;5.000000000000000000e-01;2.759999999999999787e+00;6.000000000000227374e-03;3.202140000000004871e+00;2.766000000000000014e+00
6.399999999999951505e+00;5.000000000000000000e-01;2.750000000000000000e+00;1.600000000000001421e-02;3.232618000000004432e+00;2.766000000000000014e+00
6.419999999999951079e+00;5.000000000000000000e-01;2.750000000000000000e+00;1.600000000000001421e-02;3.249786000000004282e+00;2.766000000000000014e+00
6.439999999999950653e+00;5.000000000000000000e-01;2.770000000000000018e+00;-4.000000000000003553e-03;3.218874000000004454e+00;2.766000000000000014e+00
6.459999999999950226e+00;5.000000000000000000e-01;2.759999999999999787e+00;6.000000000000227374e-03;3.238622000000004775e+00;2.766000000000000014e+00
6.479999999999949800e+00;5.000000000000000000e-01;2.770000000000000018e+00;-4.000000000000003553e-03;3.221020000000004657e+00;2.766000000000000014e+00
6.499999999999949374e+00;5.000000000000000000e-01;2.750000000000000000e+00;1.600000000000001421e-02;3.264808000000004373e+00;2.766000000000000014e+00
6.519999999999948948e+00;5.000000000000000000e-01;2.729999999999999982e+00;3.600000000000003197e-02;3.330056000000004346e+00;2.766000000000000014e+00
6.539999999999948521e+00;5.000000000000000000e-01;2.759999999999999787e+00;6.000000000000227374e-03;3.296564000000004935e+00;2.766000000000000014e+00
6.559999999999948095e+00;5.000000000000000000e-01;2.750000000000000000e+00;1.600000000000001421e-02;3.327042000000004496e+00;2.766000000000000014e+00
6.579999999999947669e+00;5.000000000000000000e-01;2.759999999999999787e+00;6.000000000000227374e-03;3.320170000000004951e+00;2.766000000000000014e+00
6.599999999999947242e+00;5.000000000000000000e-01;2.750000000000000000e+00;1.600000000000001421e-02;3.350648000000004512e+00;2.766000000000000014e+00
6.619999999999946816e+00;5.000000000000000000e-01;2.779999999999999805e+00;-1.399999999999979039e-02;3.295696000000004844e+00;2.766000000000000014e+00
6.639999999999946390e+00;5.000000000000000000e-01;2.740000000000000213e+00;2.599999999999980105e-02;3.376834000000004110e+00;2.766000000000000014e+00
6.659999999999945963e+00;5.000000000000000000e-01;2.770000000000000018e+00;-4.000000000000003553e-03;3.332612000000004571e+00;2.766000000000000014e+00
6.679999999999945537e+00;5.000000000000000000e-01;2.740000000000000213e+00;2.599999999999980105e-02;3.400440000000004126e+00;2.766000000000000014e+00
6.699999999999945111e+00;5.000000000000000000e-01;2.759999999999999787e+00;6.000000000000227374e-03;3.380258000000004870e+00;2.766000000000000014e+00
6.719999999999944684e+00;5.000000000000000000e-01;2.790000000000000036e+00;-2.400000000000002132e-02;3.314576000000004630e+00;2.766000000000000014e+00
6.739999999999944258e+00;5.000000000000000000e-01;2.770000000000000018e+00;-4.000000000000003553e-03;3.336904000000004977e+00;2.766000000000000014e+00
6.759999999999943832e+00;5.000000000000000000e-01;2.759999999999999787e+00;6.000000000000227374e-03;3.356652000000005298e+00;2.766000000000000014e+00
6.779999999999943405e+00;5.000000000000000000e-01;2.750000000000000000e+00;1.600000000000001421e-02;3.387130000000004859e+00;2.766000000000000014e+00
6.799999999999942979e+00;5.000000000000000000e-01;2.759999999999999787e+00;6.000000000000227374e-03;3.380258000000005314e+00;2.766000000000000014e+00
6.819999999999942553e+00;5.000000000000000000e-01;2.770000000000000018e+00;-4.000000000000003553e-03;3.362656000000005196e+00;2.766000000000000014e+00
6.839999999999942126e+00;5.000000000000000000e-01;2.759999999999999787e+00;6.000000000000227374e-03;3.382404000000005517e+00;2.766000000000000014e+00
6.859999999999941700e+00;5.000000000000000000e-01;2.759999999999999787e+00;6.000000000000227374e-03;3.388842000000005683e+00;2.766000000000000014e+00
6.879999999999941274e+00;5.000000000000000000e-01;2.779999999999999805e+00;-1.399999999999979039e-02;3.347200000000005726e+00;2.766000000000000014e+00
6.899999999999940847e+00;5.000000000000000000e-01;2.779999999999999805e+00;-1.399999999999979039e-02;3.332178000000005635e+00;2.766000000000000014e+00
6.919999999999940421e+00;5.000000000000000000e-01;2.759999999999999787e+00;6.000000000000227374e-03;3.365236000000005667e+00;2.766000000000000014e+00
6.939999999999939995e+00;5.000000000000000000e-01;2.779999999999999805e+00;-1.399999999999979039e-02;3.323594000000005710e+00;2.766000000000000014e+00
6.959999999999939568e+00;5.000000000000000000e-01;2.759999999999999787e+00;6.000000000000227374e-03;3.356652000000005742e+00;2.766000000000000014e+00
6.979999999999939142e+00;5.000000000000000000e-01;2.790000000000000036e+00;-2.400000000000002132e-02;3.290970000000005502e+00;2.766000000000000014e+00
6.999999999999938716e+00;-5.000000000000000000e-01;2.779999999999999805e+00;-1.013999999999999790e+00;8.852580000000058735e-01;1.766000000000000014e+00
7.019999999999938289e+00;-5.000000000000000000e-01;2.770000000000000018e+00;-1.004000000000000004e+00;-1.787239999999941098e-01;1.766000000000000014e+00
7.039999999999937863e+00;-5.000000000000000000e-01;2.709999999999999964e+00;-9.439999999999999503e-01;-1.111775999999993880e+00;1.766000000000000014e+00
7.059999999999937437e+00;-5.000000000000000000e-01;2.629999999999999893e+00;-8.639999999999998792e-01;-1.932367999999993646e+00;1.766000000000000014e+00
7.079999999999937010e+00;-5.000000000000000000e-01;2.540000000000000036e+00;-7.740000000000000213e-01;-2.643079999999993657e+00;1.766000000000000014e+00
7.099999999999936584e+00;-5.000000000000000000e-01;2.419999999999999929e+00;-6.539999999999999147e-01;-3.185101999999993438e+00;1.766000000000000014e+00
7.119999999999936158e+00;-5.000000000000000000e-01;2.290000000000000036e+00;-5.240000000000000213e-01;-3.574323999999993617e+00;1.766000000000000014e+00
7.139999999999935731e+00;-5.000000000000000000e-01;2.129999999999999893e+00;-3.639999999999998792e-01;-3.751935999999993498e+00;1.766000000000000014e+00
7.159999999999935305e+00;-5.000000000000000000e-01;2.000000000000000000e+00;-2.339999999999999858e-01;-3.829987999999993509e+00;1.766000000000000014e+00
7.179999999999934879e+00;-5.000000000000000000e-01;1.810000000000000053e+00;-4.400000000000003908e-02;-3.624309999999993703e+00;1.766000000000000014e+00
7.199999999999934452e+00;-5.000000000000000000e-01;1.669999999999999929e+00;9.600000000000008527e-02;-3.334961999999993321e+00;1.766000000000000014e+00
7.219999999999934026e+00;-5.000000000000000000e-01;1.580000000000000071e+00;1.859999999999999432e-01;-3.015593999999993891e+00;1.766000000000000014e+00
7.239999999999933600e+00;-5.000000000000000000e-01;1.510000000000000009e+00;2.560000000000000053e-01;-2.647735999999993872e+00;1.766000000000000014e+00
7.259999999999933173e+00;-5.000000000000000000e-01;1.489999999999999991e+00;2.760000000000000231e-01;-2.324967999999993928e+00;1.766000000000000014e+00
7.279999999999932747e+00;-5.000000000000000000e-01;1.489999999999999991e+00;2.760000000000000231e-01;-2.028819999999993851e+00;1.766000000000000014e+00
7.299999999999932321e+00;-5.000000000000000000e-01;1.570000000000000062e+00;1.959999999999999520e-01;-1.924991999999994041e+00;1.766000000000000014e+00
7.319999999999931894e+00;-5.000000000000000000e-01;1.639999999999999902e+00;1.260000000000001119e-01;-1.882963999999993643e+00;1.766000000000000014e+00
7.339999999999931468e+00;-5.000000000000000000e-01;1.719999999999999973e+00;4.600000000000004086e-02;-1.940085999999993760e+00;1.766000000000000014e+00
7.359999999999931042e+00;-5.000000000000000000e-01;1.790000000000000036e+00;-2.400000000000002132e-02;-2.059007999999993732e+00;1.766000000000000014e+00
7.379999999999930616e+00;-5.000000000000000000e-01;1.840000000000000080e+00;-7.400000000000006573e-02;-2.204959999999993592e+00;1.766000000000000014e+00
7.399999999999930189e+00;-5.000000000000000000e-01;1.860000000000000098e+00;-9.400000000000008349e-02;-2.332441999999993687e+00;1.766000000000000014e+00
7.419999999999929763e+00;-5.000000000000000000e-01;1.860000000000000098e+00;-9.400000000000008349e-02;-2.433303999999993916e+00;1.766000000000000014e+00
7.439999999999929337e+00;-5.000000000000000000e-01;1.870000000000000107e+00;-1.040000000000000924e-01;-2.558205999999993985e+00;1.766000000000000014e+00
7.459999999999928910e+00;-5.000000000000000000e-01;1.860000000000000098e+00;-9.400000000000008349e-02;-2.645757999999994059e+00;1.766000000000000014e+00
7.479999999999928484e+00;-5.000000000000000000e-01;1.840000000000000080e+00;-7.400000000000006573e-02;-2.698539999999994166e+00;1.766000000000000014e+00
7.499999999999928058e+00;-5.000000000000000000e-01;1.780000000000000027e+00;-1.400000000000001243e-02;-2.633701999999994214e+00;1.766000000000000014e+00
7.519999999999927631e+00;-5.000000000000000000e-01;1.770000000000000018e+00;-4.000000000000003553e-03;-2.624683999999994022e+00;1.766000000000000014e+00
7.539999999999927205e+00;-5.000000000000000000e-01;1.750000000000000000e+00;1.600000000000001421e-02;-2.580895999999994306e+00;1.766000000000000014e+00
7.559999999999926779e+00;-5.000000000000000000e-01;1.729999999999999982e+00;3.600000000000003197e-02;-2.515647999999994333e+00;1.766000000000000014e+00
7.579999999999926352e+00;-5.000000000000000000e-01;1.719999999999999973e+00;4.600000000000004086e-02;-2.452979999999993943e+00;1.766000000000000014e+00
7.599999999999925926e+00;-5.000000000000000000e-01;1.729999999999999982e+00;3.600000000000003197e-02;-2.427661999999993991e+00;1.766000000000000014e+00
7.619999999999925500e+00;-5.000000000000000000e-01;1.729999999999999982e+00;3.600000000000003197e-02;-2.389033999999993885e+00;1.766000000000000014e+00
7.639999999999925073e+00;-5.000000000000000000e-01;1.750000000000000000e+00;1.600000000000001421e-02;-2.398485999999993901e+00;1.766000000000000014e+00
7.659999999999924647e+00;-5.000000000000000000e-01;1.760000000000000009e+00;6.000000000000005329e-03;-2.405357999999993890e+00;1.766000000000000014e+00
7.679999999999924221e+00;-5.000000000000000000e-01;1.770000000000000018e+00;-4.000000000000003553e-03;-2.422959999999993563e+00;1.766000000000000014e+00
7.699999999999923794e+00;-5.000000000000000000e-01;1.739999999999999991e+00;2.600000000000002309e-02;-2.355131999999993564e+00;1.766000000000000014e+00
7.719999999999923368e+00;-5.000000000000000000e-01;1.770000000000000018e+00;-4.000000000000003553e-03;-2.399353999999993547e+00;1.766000000000000014e+00
7.739999999999922942e+00;-5.000000000000000000e-01;1.760000000000000009e+00;6.000000000000005329e-03;-2.379605999999993671e+00;1.766000000000000014e+00
7.759999999999922515e+00;-5.000000000000000000e-01;1.770000000000000018e+00;-4.000000000000003553e-03;-2.397207999999993344e+00;1.766000000000000014e+00
7.779999999999922089e+00;-5.000000000000000000e-01;1.770000000000000018e+00;-4.000000000000003553e-03;-2.401499999999993307e+00;1.766000000000000014e+00
7.799999999999921663e+00;-5.000000000000000000e-01;1.810000000000000053e+00;-4.400000000000003908e-02;-2.501951999999993514e+00;1.766000000000000014e+00
7.819999999999921236e+00;-5.000000000000000000e-01;1.790000000000000036e+00;-2.400000000000002132e-02;-2.501083999999993424e+00;1.766000000000000014e+00
7.839999999999920810e+00;-5.000000000000000000e-01;1.780000000000000027e+00;-1.400000000000001243e-02;-2.502795999999993359e+00;1.766000000000000014e+00
7.859999999999920384e+00;-5.000000000000000000e-01;1.760000000000000009e+00;6.000000000000005329e-03;-2.469737999999993328e+00;1.766000000000000014e+00
7.879999999999919957e+00;-5.000000000000000000e-01;1.760000000000000009e+00;6.000000000000005329e-03;-2.463299999999993162e+00;1.766000000000000014e+00
7.899999999999919531e+00;-5.000000000000000000e-01;1.780000000000000027e+00;-1.400000000000001243e-02;-2.504941999999993119e+00;1.766000000000000014e+00
7.919999999999919105e+00;-5.000000000000000000e-01;1.780000000000000027e+00;-1.400000000000001243e-02;-2.519963999999993209e+00;1.766000000000000014e+00
7.939999999999918678e+00;-5.000000000000000000e-01;1.780000000000000027e+00;-1.400000000000001243e-02;-2.534985999999993300e+00;1.766000000000000014e+00
7.959999999999918252e+00;-5.000000000000000000e-01;1.790000000000000036e+00;-2.400000000000002132e-02;-2.574047999999993230e+00;1.766000000000000014e+00
7.979999999999917826e+00;-5.000000000000000000e-01;1.780000000000000027e+00;-1.400000000000001243e-02;-2.575759999999993166e+00;1.766000000000000014e+00
